Channel,Energy,Counts
0,520.16,0
1,545.12,0
2,570.07,0
3,595.03,0
4,619.99,0
5,644.94,0
6,669.9,0
7,694.85,0
8,719.81,0
9,744.77,0
10,769.72,0
11,794.68,0
12,819.63,0
13,844.59,0
14,869.54,0
15,894.5,0
16,919.46,0
17,944.41,0
18,969.37,0
19,994.32,0
20,1019.28,0
21,1044.24,0
22,1069.19,0
23,1094.15,0
24,1119.1,0
25,1144.06,0
26,1169.02,0
27,1193.97,0
28,1218.93,0
29,1243.88,0
30,1268.84,0
31,1293.8,0
32,1318.75,0
33,1343.71,0
34,1368.66,0
35,1393.62,0
36,1418.58,0
37,1443.53,0
38,1468.49,0
39,1493.44,0
40,1518.4,0
41,1543.36,0
42,1568.31,0
43,1593.27,0
44,1618.22,0
45,1643.18,0
46,1668.13,0
47,1693.09,0
48,1718.05,0
49,1743,0
50,1767.96,0
51,1792.91,0
52,1817.87,0
53,1842.83,0
54,1867.78,0
55,1892.74,0
56,1917.69,0
57,1942.65,0
58,1967.61,0
59,1992.56,0
60,2017.52,0
61,2042.47,0
62,2067.43,0
63,2092.39,0
64,2117.34,0
65,2142.3,0
66,2167.25,0
67,2192.21,0
68,2217.17,0
69,2242.12,0
70,2267.08,0
71,2292.03,0
72,2316.99,0
73,2341.94,0
74,2366.9,0
75,2391.86,0
76,2416.81,0
77,2441.77,0
78,2466.72,0
79,2491.68,0
80,2516.64,0
81,2541.59,0
82,2566.55,0
83,2591.5,0
84,2616.46,0
85,2641.42,0
86,2666.37,0
87,2691.33,0
88,2716.28,0
89,2741.24,0
90,2766.2,0
91,2791.15,0
92,2816.11,0
93,2841.06,0
94,2866.02,0
95,2890.97,0
96,2915.93,0
97,2940.89,0
98,2965.84,0
99,2990.8,0
100,3015.75,0
101,3040.71,0
102,3065.67,0
103,3090.62,0
104,3115.58,0
105,3140.53,0
106,3165.49,0
107,3190.45,0
108,3215.4,0
109,3240.36,0
110,3265.31,0
111,3290.27,0
112,3315.23,0
113,3340.18,0
114,3365.14,0
115,3390.09,0
116,3415.05,0
117,3440,0
118,3464.96,0
119,3489.92,0
120,3514.87,0
121,3539.83,0
122,3564.78,0
123,3589.74,0
124,3614.7,0
125,3639.65,0
126,3664.61,0
127,3689.56,0
128,3714.52,0
129,3739.48,0
130,3764.43,0
131,3789.39,0
132,3814.34,0
133,3839.3,0
134,3864.26,0
135,3889.21,0
136,3914.17,0
137,3939.12,0
138,3964.08,0
139,3989.04,0
140,4013.99,0
141,4038.95,0
142,4063.9,0
143,4088.86,0
144,4113.81,0
145,4138.77,0
146,4163.73,0
147,4188.68,0
148,4213.64,0
149,4238.59,0
150,4263.55,0
151,4288.51,0
152,4313.46,0
153,4338.42,0
154,4363.37,0
155,4388.33,0
156,4413.29,0
157,4438.24,0
158,4463.2,0
159,4488.15,0
160,4513.11,37
161,4538.07,59
162,4563.02,50
163,4587.98,61
164,4612.93,55
165,4637.89,56
166,4662.84,62
167,4687.8,74
168,4712.76,73
169,4737.71,67
170,4762.67,75
171,4787.62,87
172,4812.58,70
173,4837.54,81
174,4862.49,96
175,4887.45,83
176,4912.4,97
177,4937.36,104
178,4962.32,95
179,4987.27,84
180,5012.23,110
181,5037.18,102
182,5062.14,123
183,5087.1,123
184,5112.05,131
185,5137.01,144
186,5161.96,130
187,5186.92,141
188,5211.88,163
189,5236.83,158
190,5261.79,162
191,5286.74,177
192,5311.7,164
193,5336.65,161
194,5361.61,164
195,5386.57,182
196,5411.52,177
197,5436.48,214
198,5461.43,231
199,5486.39,242
200,5511.35,202
201,5536.3,225
202,5561.26,242
203,5586.21,237
204,5611.17,252
205,5636.13,237
206,5661.08,273
207,5686.04,262
208,5710.99,255
209,5735.95,290
210,5760.91,326
211,5785.86,328
212,5810.82,322
213,5835.77,332
214,5860.73,345
215,5885.69,325
216,5910.64,350
217,5935.6,354
218,5960.55,375
219,5985.51,398
220,6010.46,428
221,6035.42,409
222,6060.38,407
223,6085.33,416
224,6110.29,427
225,6135.24,461
226,6160.2,438
227,6185.16,493
228,6210.11,485
229,6235.07,540
230,6260.02,550
231,6284.98,535
232,6309.94,527
233,6334.89,537
234,6359.85,562
235,6384.8,534
236,6409.76,603
237,6434.71,615
238,6459.67,636
239,6484.63,610
240,6509.58,641
241,6534.54,704
242,6559.49,642
243,6584.45,748
244,6609.41,681
245,6634.36,726
246,6659.32,736
247,6684.27,704
248,6709.23,717
249,6734.19,752
250,6759.14,756
251,6784.1,796
252,6809.05,772
253,6834.01,759
254,6858.97,795
255,6883.92,756
256,6908.88,811
257,6933.83,805
258,6958.79,814
259,6983.75,804
260,7008.7,804
261,7033.66,870
262,7058.61,884
263,7083.57,947
264,7108.52,949
265,7133.48,943
266,7158.44,1003
267,7183.39,991
268,7208.35,1076
269,7233.3,1169
270,7258.26,1131
271,7283.22,1143
272,7308.17,1273
273,7333.13,1252
274,7358.08,1294
275,7383.04,1359
276,7408,1333
277,7432.95,1354
278,7457.91,1335
279,7482.86,1440
280,7507.82,1371
281,7532.78,1395
282,7557.73,1367
283,7582.69,1331
284,7607.64,1337
285,7632.6,1352
286,7657.56,1261
287,7682.51,1328
288,7707.47,1307
289,7732.42,1241
290,7757.38,1249
291,7782.33,1245
292,7807.29,1370
293,7832.25,1371
294,7857.2,1436
295,7882.16,1524
296,7907.11,1669
297,7932.07,1859
298,7957.03,2051
299,7981.98,2287
300,8006.94,2754
301,8031.89,3134
302,8056.85,3811
303,8081.81,4256
304,8106.76,5040
305,8131.72,5837
306,8156.67,6828
307,8181.63,7733
308,8206.59,8679
309,8231.54,9532
310,8256.5,10681
311,8281.45,11473
312,8306.41,12048
313,8331.36,12701
314,8356.32,13223
315,8381.28,13347
316,8406.23,13417
317,8431.19,13098
318,8456.14,12634
319,8481.1,12240
320,8506.06,11371
321,8531.01,10839
322,8555.97,9683
323,8580.92,8856
324,8605.88,7900
325,8630.84,6989
326,8655.79,6086
327,8680.75,5436
328,8705.7,4728
329,8730.66,3984
330,8755.62,3422
331,8780.57,3034
332,8805.53,2744
333,8830.48,2374
334,8855.44,2219
335,8880.4,2056
336,8905.35,1796
337,8930.31,1843
338,8955.26,1703
339,8980.22,1746
340,9005.17,1645
341,9030.13,1638
342,9055.09,1748
343,9080.04,1833
344,9105,1882
345,9129.95,2137
346,9154.91,2254
347,9179.87,2473
348,9204.82,2724
349,9229.78,3022
350,9254.73,3463
351,9279.69,3895
352,9304.65,4486
353,9329.6,5117
354,9354.56,5720
355,9379.51,6427
356,9404.47,6965
357,9429.43,7712
358,9454.38,8437
359,9479.34,8993
360,9504.29,9612
361,9529.25,10267
362,9554.2,10644
363,9579.16,11153
364,9604.12,11242
365,9629.07,11602
366,9654.03,11566
367,9678.98,11550
368,9703.94,11232
369,9728.9,11068
370,9753.85,10770
371,9778.81,10015
372,9803.76,9827
373,9828.72,9424
374,9853.68,8751
375,9878.63,8196
376,9903.59,7414
377,9928.54,6937
378,9953.5,6381
379,9978.46,5768
380,10003.41,5156
381,10028.37,4733
382,10053.32,4222
383,10078.28,3733
384,10103.23,3326
385,10128.19,3016
386,10153.15,2642
387,10178.1,2382
388,10203.06,2110
389,10228.01,1903
390,10252.97,1749
391,10277.93,1519
392,10302.88,1457
393,10327.84,1324
394,10352.79,1234
395,10377.75,1191
396,10402.71,1161
397,10427.66,1153
398,10452.62,1125
399,10477.57,1011
400,10502.53,1043
401,10527.49,1038
402,10552.44,1061
403,10577.4,1081
404,10602.35,1050
405,10627.31,1129
406,10652.26,1082
407,10677.22,1092
408,10702.18,1138
409,10727.13,1112
410,10752.09,1221
411,10777.04,1259
412,10802,1321
413,10826.96,1460
414,10851.91,1456
415,10876.87,1630
416,10901.82,1630
417,10926.78,1752
418,10951.74,1782
419,10976.69,1946
420,11001.65,1995
421,11026.6,1965
422,11051.56,2107
423,11076.52,2123
424,11101.47,2112
425,11126.43,2153
426,11151.38,2152
427,11176.34,2161
428,11201.29,2212
429,11226.25,2011
430,11251.21,2081
431,11276.16,2026
432,11301.12,1876
433,11326.07,1793
434,11351.03,1790
435,11375.99,1693
436,11400.94,1602
437,11425.9,1596
438,11450.85,1540
439,11475.81,1495
440,11500.77,1458
441,11525.72,1396
442,11550.68,1427
443,11575.63,1298
444,11600.59,1249
445,11625.54,1137
446,11650.5,1193
447,11675.46,1092
448,11700.41,1090
449,11725.37,1044
450,11750.33,1052
451,11775.28,992
452,11800.24,931
453,11825.19,919
454,11850.15,939
455,11875.1,871
456,11900.06,927
457,11925.02,859
458,11949.97,912
459,11974.93,906
460,11999.88,825
461,12024.84,824
462,12049.8,868
463,12074.75,778
464,12099.71,809
465,12124.66,857
466,12149.62,816
467,12174.58,802
468,12199.53,819
469,12224.49,834
470,12249.44,824
471,12274.4,741
472,12299.36,814
473,12324.31,894
474,12349.27,797
475,12374.22,775
476,12399.18,830
477,12424.13,855
478,12449.09,819
479,12474.05,837
480,12499,783
481,12523.96,804
482,12548.91,806
483,12573.87,814
484,12598.83,772
485,12623.78,764
486,12648.74,816
487,12673.69,800
488,12698.65,821
489,12723.61,843
490,12748.56,768
491,12773.52,807
492,12798.47,768
493,12823.43,765
494,12848.39,744
495,12873.34,729
496,12898.3,771
497,12923.25,739
498,12948.21,753
499,12973.17,808
500,12998.12,787
501,13023.08,759
502,13048.03,790
503,13072.99,784
504,13097.94,732
505,13122.9,804
506,13147.86,861
507,13172.81,761
508,13197.77,836
509,13222.72,811
510,13247.68,778
511,13272.64,731
512,13297.59,748
513,13322.55,798
514,13347.5,815
515,13372.46,783
516,13397.42,762
517,13422.37,776
518,13447.33,810
519,13472.28,819
520,13497.24,789
521,13522.2,731
522,13547.15,806
523,13572.11,808
524,13597.06,768
525,13622.02,807
526,13646.97,701
527,13671.93,797
528,13696.89,744
529,13721.84,785
530,13746.8,759
531,13771.75,782
532,13796.71,804
533,13821.67,734
534,13846.62,737
535,13871.58,745
536,13896.53,715
537,13921.49,738
538,13946.45,755
539,13971.4,758
540,13996.36,753
541,14021.31,700
542,14046.27,771
543,14071.23,768
544,14096.18,719
545,14121.14,774
546,14146.09,761
547,14171.05,740
548,14196,775
549,14220.96,732
550,14245.92,750
551,14270.87,771
552,14295.83,742
553,14320.78,750
554,14345.74,743
555,14370.7,778
556,14395.65,764
557,14420.61,736
558,14445.56,744
559,14470.52,743
560,14495.48,778
561,14520.43,752
562,14545.39,740
563,14570.34,719
564,14595.3,758
565,14620.26,760
566,14645.21,739
567,14670.17,745
568,14695.12,747
569,14720.08,768
570,14745.04,734
571,14769.99,728
572,14794.95,739
573,14819.9,758
574,14844.86,710
575,14869.81,755
576,14894.77,692
577,14919.73,721
578,14944.68,716
579,14969.64,712
580,14994.59,694
581,15019.55,723
582,15044.51,756
583,15069.46,683
584,15094.42,693
585,15119.37,756
586,15144.33,717
587,15169.29,726
588,15194.24,671
589,15219.2,696
590,15244.15,725
591,15269.11,711
592,15294.07,653
593,15319.02,700
594,15343.98,678
595,15368.93,699
596,15393.89,653
597,15418.84,694
598,15443.8,690
599,15468.76,624
600,15493.71,684
601,15518.67,689
602,15543.62,669
603,15568.58,667
604,15593.54,660
605,15618.49,654
606,15643.45,623
607,15668.4,639
608,15693.36,713
609,15718.32,658
610,15743.27,651
611,15768.23,665
612,15793.18,677
613,15818.14,693
614,15843.1,659
615,15868.05,639
616,15893.01,639
617,15917.96,650
618,15942.92,664
619,15967.88,704
620,15992.83,634
621,16017.79,605
622,16042.74,626
623,16067.7,637
624,16092.65,661
625,16117.61,641
626,16142.57,678
627,16167.52,646
628,16192.48,660
629,16217.43,650
630,16242.39,637
631,16267.35,615
632,16292.3,652
633,16317.26,647
634,16342.21,647
635,16367.17,619
636,16392.13,634
637,16417.08,625
638,16442.04,610
639,16466.99,604
640,16491.95,625
641,16516.9,594
642,16541.86,579
643,16566.82,588
644,16591.77,595
645,16616.73,626
646,16641.69,586
647,16666.64,574
648,16691.6,623
649,16716.55,602
650,16741.51,573
651,16766.46,585
652,16791.42,571
653,16816.38,596
654,16841.33,556
655,16866.29,579
656,16891.24,581
657,16916.2,599
658,16941.16,554
659,16966.11,607
660,16991.07,609
661,17016.02,564
662,17040.98,536
663,17065.94,550
664,17090.89,585
665,17115.85,561
666,17140.8,559
667,17165.76,584
668,17190.71,557
669,17215.67,542
670,17240.63,533
671,17265.58,583
672,17290.54,556
673,17315.49,525
674,17340.45,567
675,17365.41,554
676,17390.36,546
677,17415.32,562
678,17440.27,575
679,17465.23,509
680,17490.19,565
681,17515.14,536
682,17540.1,563
683,17565.05,491
684,17590.01,582
685,17614.96,533
686,17639.92,517
687,17664.88,522
688,17689.83,526
689,17714.79,506
690,17739.74,533
691,17764.7,538
692,17789.66,511
693,17814.61,503
694,17839.57,479
695,17864.53,501
696,17889.48,519
697,17914.44,476
698,17939.39,481
699,17964.35,478
700,17989.3,448
701,18014.26,485
702,18039.22,474
703,18064.17,523
704,18089.13,478
705,18114.08,460
706,18139.04,465
707,18164,497
708,18188.95,477
709,18213.91,483
710,18238.86,485
711,18263.82,420
712,18288.78,453
713,18313.73,488
714,18338.69,465
715,18363.64,414
716,18388.6,451
717,18413.55,451
718,18438.51,483
719,18463.47,475
720,18488.42,433
721,18513.38,437
722,18538.33,508
723,18563.29,484
724,18588.25,475
725,18613.2,440
726,18638.16,437
727,18663.11,413
728,18688.07,429
729,18713.03,464
730,18737.98,437
731,18762.94,416
732,18787.89,454
733,18812.85,452
734,18837.8,403
735,18862.76,412
736,18887.72,440
737,18912.67,461
738,18937.63,425
739,18962.59,419
740,18987.54,441
741,19012.5,405
742,19037.45,397
743,19062.41,407
744,19087.37,397
745,19112.32,413
746,19137.28,457
747,19162.23,418
748,19187.19,359
749,19212.14,413
750,19237.1,427
751,19262.06,386
752,19287.01,395
753,19311.97,428
754,19336.92,360
755,19361.88,399
756,19386.84,386
757,19411.79,411
758,19436.75,354
759,19461.7,390
760,19486.66,392
761,19511.62,388
762,19536.57,378
763,19561.53,393
764,19586.48,354
765,19611.44,361
766,19636.39,398
767,19661.35,398
768,19686.31,381
769,19711.26,370
770,19736.22,358
771,19761.17,389
772,19786.13,372
773,19811.09,399
774,19836.04,358
775,19861,337
776,19885.95,352
777,19910.91,330
778,19935.87,396
779,19960.82,335
780,19985.78,384
781,20010.73,350
782,20035.69,318
783,20060.64,360
784,20085.6,341
785,20110.56,369
786,20135.51,331
787,20160.47,401
788,20185.43,355
789,20210.38,356
790,20235.34,371
791,20260.29,357
792,20285.25,348
793,20310.21,351
794,20335.16,322
795,20360.12,338
796,20385.07,335
797,20410.03,320
798,20434.98,335
799,20459.94,319
800,20484.9,333
801,20509.85,314
802,20534.81,341
803,20559.76,345
804,20584.72,340
805,20609.68,317
806,20634.63,323
807,20659.59,314
808,20684.54,303
809,20709.5,299
810,20734.46,312
811,20759.41,294
812,20784.37,328
813,20809.32,300
814,20834.28,321
815,20859.23,307
816,20884.19,282
817,20909.15,323
818,20934.1,311
819,20959.06,293
820,20984.01,310
821,21008.97,330
822,21033.93,281
823,21058.88,287
824,21083.84,305
825,21108.79,308
826,21133.75,310
827,21158.71,320
828,21183.66,299
829,21208.62,291
830,21233.57,289
831,21258.53,337
832,21283.48,282
833,21308.44,322
834,21333.4,304
835,21358.35,294
836,21383.31,296
837,21408.27,289
838,21433.22,352
839,21458.18,266
840,21483.13,272
841,21508.09,279
842,21533.04,287
843,21558,298
844,21582.96,273
845,21607.91,287
846,21632.87,270
847,21657.82,260
848,21682.78,270
849,21707.74,275
850,21732.69,288
851,21757.65,259
852,21782.6,257
853,21807.56,251
854,21832.52,276
855,21857.47,264
856,21882.43,250
857,21907.38,270
858,21932.34,240
859,21957.29,257
860,21982.25,275
861,22007.21,247
862,22032.16,265
863,22057.12,283
864,22082.07,254
865,22107.03,284
866,22131.99,249
867,22156.94,257
868,22181.9,230
869,22206.85,228
870,22231.81,230
871,22256.77,248
872,22281.72,233
873,22306.68,250
874,22331.63,247
875,22356.59,255
876,22381.54,223
877,22406.5,233
878,22431.46,256
879,22456.41,251
880,22481.37,273
881,22506.33,240
882,22531.28,253
883,22556.24,226
884,22581.19,219
885,22606.15,222
886,22631.11,245
887,22656.06,243
888,22681.02,230
889,22705.97,209
890,22730.93,233
891,22755.88,212
892,22780.84,242
893,22805.8,227
894,22830.75,239
895,22855.71,228
896,22880.66,249
897,22905.62,234
898,22930.58,251
899,22955.53,216
900,22980.49,218
901,23005.44,214
902,23030.4,228
903,23055.36,248
904,23080.31,213
905,23105.27,208
906,23130.22,233
907,23155.18,218
908,23180.13,203
909,23205.09,215
910,23230.05,203
911,23255,237
912,23279.96,211
913,23304.91,203
914,23329.87,192
915,23354.83,198
916,23379.78,205
917,23404.74,217
918,23429.69,197
919,23454.65,205
920,23479.61,196
921,23504.56,211
922,23529.52,229
923,23554.47,196
924,23579.43,202
925,23604.38,220
926,23629.34,191
927,23654.3,180
928,23679.25,209
929,23704.21,186
930,23729.17,205
931,23754.12,193
932,23779.08,208
933,23804.03,207
934,23828.99,205
935,23853.95,180
936,23878.9,176
937,23903.86,203
938,23928.81,174
939,23953.77,180
940,23978.72,221
941,24003.68,175
942,24028.64,207
943,24053.59,191
944,24078.55,212
945,24103.5,190
946,24128.46,206
947,24153.42,190
948,24178.37,172
949,24203.33,198
950,24228.28,170
951,24253.24,164
952,24278.2,183
953,24303.15,183
954,24328.11,186
955,24353.06,169
956,24378.02,197
957,24402.97,187
958,24427.93,149
959,24452.89,166
960,24477.84,193
961,24502.8,189
962,24527.75,187
963,24552.71,172
964,24577.67,179
965,24602.62,174
966,24627.58,158
967,24652.54,130
968,24677.49,185
969,24702.45,200
970,24727.4,174
971,24752.36,162
972,24777.31,166
973,24802.27,177
974,24827.23,178
975,24852.18,150
976,24877.14,161
977,24902.09,170
978,24927.05,173
979,24952.01,135
980,24976.96,147
981,25001.92,164
982,25026.87,157
983,25051.83,164
984,25076.79,142
985,25101.74,164
986,25126.7,151
987,25151.65,158
988,25176.61,130
989,25201.56,143
990,25226.52,150
991,25251.48,138
992,25276.43,143
993,25301.39,137
994,25326.34,141
995,25351.3,146
996,25376.26,152
997,25401.21,150
998,25426.17,145
999,25451.12,159
1000,25476.08,144
1001,25501.04,122
1002,25525.99,155
1003,25550.95,166
1004,25575.9,148
1005,25600.86,141
1006,25625.81,146
1007,25650.77,162
1008,25675.73,133
1009,25700.68,141
1010,25725.64,123
1011,25750.59,139
1012,25775.55,143
1013,25800.51,124
1014,25825.46,146
1015,25850.42,139
1016,25875.38,149
1017,25900.33,139
1018,25925.29,125
1019,25950.24,130
1020,25975.2,159
1021,26000.15,131
1022,26025.11,130
1023,26050.07,135
1024,26075.02,152
1025,26099.98,130
1026,26124.93,125
1027,26149.89,130
1028,26174.85,137
1029,26199.8,145
1030,26224.76,126
1031,26249.71,131
1032,26274.67,142
1033,26299.63,116
1034,26324.58,138
1035,26349.54,124
1036,26374.49,129
1037,26399.45,144
1038,26424.4,134
1039,26449.36,141
1040,26474.32,147
1041,26499.27,111
1042,26524.23,130
1043,26549.18,122
1044,26574.14,112
1045,26599.1,146
1046,26624.05,159
1047,26649.01,117
1048,26673.96,142
1049,26698.92,124
1050,26723.88,133
1051,26748.83,128
1052,26773.79,131
1053,26798.74,138
1054,26823.7,103
1055,26848.65,113
1056,26873.61,107
1057,26898.57,113
1058,26923.52,117
1059,26948.48,120
1060,26973.43,115
1061,26998.39,130
1062,27023.35,103
1063,27048.3,107
1064,27073.26,102
1065,27098.21,109
1066,27123.17,126
1067,27148.13,133
1068,27173.08,103
1069,27198.04,126
1070,27222.99,116
1071,27247.95,113
1072,27272.91,102
1073,27297.86,112
1074,27322.82,111
1075,27347.77,106
1076,27372.73,120
1077,27397.69,129
1078,27422.64,101
1079,27447.6,102
1080,27472.55,92
1081,27497.51,117
1082,27522.46,114
1083,27547.42,91
1084,27572.38,114
1085,27597.33,104
1086,27622.29,108
1087,27647.24,95
1088,27672.2,97
1089,27697.16,102
1090,27722.11,99
1091,27747.07,113
1092,27772.02,111
1093,27796.98,125
1094,27821.94,115
1095,27846.89,101
1096,27871.85,114
1097,27896.8,103
1098,27921.76,97
1099,27946.71,94
1100,27971.67,109
1101,27996.63,94
1102,28021.58,114
1103,28046.54,87
1104,28071.49,98
1105,28096.45,101
1106,28121.41,107
1107,28146.36,107
1108,28171.32,92
1109,28196.28,116
1110,28221.23,85
1111,28246.19,87
1112,28271.14,97
1113,28296.1,88
1114,28321.05,96
1115,28346.01,107
1116,28370.97,97
1117,28395.92,75
1118,28420.88,92
1119,28445.83,101
1120,28470.79,96
1121,28495.75,79
1122,28520.7,89
1123,28545.66,78
1124,28570.61,93
1125,28595.57,77
1126,28620.53,78
1127,28645.48,86
1128,28670.44,86
1129,28695.39,89
1130,28720.35,95
1131,28745.3,89
1132,28770.26,91
1133,28795.22,101
1134,28820.17,88
1135,28845.13,108
1136,28870.08,93
1137,28895.04,90
1138,28920,84
1139,28944.95,80
1140,28969.91,84
1141,28994.86,94
1142,29019.82,70
1143,29044.78,71
1144,29069.73,81
1145,29094.69,72
1146,29119.64,85
1147,29144.6,85
1148,29169.55,74
1149,29194.51,79
1150,29219.47,93
1151,29244.42,98
1152,29269.38,97
1153,29294.33,75
1154,29319.29,79
1155,29344.25,72
1156,29369.2,80
1157,29394.16,76
1158,29419.12,79
1159,29444.07,75
1160,29469.03,67
1161,29493.98,81
1162,29518.94,90
1163,29543.89,98
1164,29568.85,87
1165,29593.81,76
1166,29618.76,94
1167,29643.72,77
1168,29668.67,70
1169,29693.63,88
1170,29718.59,79
1171,29743.54,66
1172,29768.5,74
1173,29793.45,75
1174,29818.41,75
1175,29843.37,56
1176,29868.32,70
1177,29893.28,86
1178,29918.23,68
1179,29943.19,69
1180,29968.14,78
1181,29993.1,64
1182,30018.06,76
1183,30043.01,69
1184,30067.97,79
1185,30092.92,74
1186,30117.88,74
1187,30142.84,63
1188,30167.79,78
1189,30192.75,79
1190,30217.7,54
1191,30242.66,72
1192,30267.62,85
1193,30292.57,79
1194,30317.53,67
1195,30342.48,65
1196,30367.44,57
1197,30392.39,66
1198,30417.35,65
1199,30442.31,64
1200,30467.26,63
1201,30492.22,75
1202,30517.17,66
1203,30542.13,68
1204,30567.09,68
1205,30592.04,68
1206,30617,63
1207,30641.96,63
1208,30666.91,70
1209,30691.87,72
1210,30716.82,69
1211,30741.78,69
1212,30766.73,65
1213,30791.69,59
1214,30816.65,65
1215,30841.6,72
1216,30866.56,52
1217,30891.51,45
1218,30916.47,69
1219,30941.43,51
1220,30966.38,64
1221,30991.34,57
1222,31016.29,75
1223,31041.25,73
1224,31066.21,46
1225,31091.16,67
1226,31116.12,58
1227,31141.07,71
1228,31166.03,70
1229,31190.98,71
1230,31215.94,59
1231,31240.9,56
1232,31265.85,66
1233,31290.81,62
1234,31315.76,57
1235,31340.72,70
1236,31365.68,52
1237,31390.63,64
1238,31415.59,64
1239,31440.54,48
1240,31465.5,55
1241,31490.46,50
1242,31515.41,58
1243,31540.37,58
1244,31565.32,55
1245,31590.28,41
1246,31615.23,56
1247,31640.19,72
1248,31665.15,49
1249,31690.1,50
1250,31715.06,57
1251,31740.02,72
1252,31764.97,47
1253,31789.93,55
1254,31814.88,55
1255,31839.84,58
1256,31864.79,53
1257,31889.75,57
1258,31914.71,51
1259,31939.66,58
1260,31964.62,52
1261,31989.57,49
1262,32014.53,60
1263,32039.49,54
1264,32064.44,48
1265,32089.4,40
1266,32114.35,57
1267,32139.31,54
1268,32164.27,49
1269,32189.22,62
1270,32214.18,51
1271,32239.13,56
1272,32264.09,51
1273,32289.04,55
1274,32314,62
1275,32338.96,56
1276,32363.91,45
1277,32388.87,49
1278,32413.82,58
1279,32438.78,49
1280,32463.74,52
1281,32488.69,52
1282,32513.65,51
1283,32538.6,57
1284,32563.56,38
1285,32588.52,53
1286,32613.47,59
1287,32638.43,62
1288,32663.38,39
1289,32688.34,49
1290,32713.29,57
1291,32738.25,52
1292,32763.21,55
1293,32788.16,47
1294,32813.12,54
1295,32838.07,59
1296,32863.03,36
1297,32887.99,61
1298,32912.94,43
1299,32937.9,41
1300,32962.86,47
1301,32987.81,45
1302,33012.77,44
1303,33037.72,40
1304,33062.68,42
1305,33087.63,33
1306,33112.59,54
1307,33137.55,57
1308,33162.5,43
1309,33187.46,57
1310,33212.41,47
1311,33237.37,46
1312,33262.32,54
1313,33287.28,52
1314,33312.24,47
1315,33337.2,56
1316,33362.15,54
1317,33387.11,44
1318,33412.06,48
1319,33437.02,38
1320,33461.97,51
1321,33486.93,46
1322,33511.89,45
1323,33536.84,48
1324,33561.8,46
1325,33586.75,53
1326,33611.71,50
1327,33636.66,41
1328,33661.62,50
1329,33686.58,39
1330,33711.53,52
1331,33736.49,49
1332,33761.45,50
1333,33786.4,47
1334,33811.36,50
1335,33836.31,41
1336,33861.27,44
1337,33886.22,35
1338,33911.18,38
1339,33936.14,48
1340,33961.09,45
1341,33986.05,40
1342,34011,48
1343,34035.96,40
1344,34060.91,59
1345,34085.87,39
1346,34110.83,41
1347,34135.78,45
1348,34160.74,34
1349,34185.7,35
1350,34210.65,44
1351,34235.61,45
1352,34260.56,45
1353,34285.52,32
1354,34310.47,42
1355,34335.43,40
1356,34360.39,56
1357,34385.34,38
1358,34410.3,35
1359,34435.25,49
1360,34460.21,45
1361,34485.16,42
1362,34510.12,29
1363,34535.08,38
1364,34560.04,45
1365,34584.99,44
1366,34609.95,35
1367,34634.9,46
1368,34659.86,39
1369,34684.81,45
1370,34709.77,33
1371,34734.73,40
1372,34759.68,36
1373,34784.64,32
1374,34809.59,37
1375,34834.55,25
1376,34859.5,31
1377,34884.46,31
1378,34909.42,41
1379,34934.37,36
1380,34959.33,39
1381,34984.29,41
1382,35009.24,31
1383,35034.2,37
1384,35059.15,38
1385,35084.11,43
1386,35109.06,34
1387,35134.02,42
1388,35158.98,41
1389,35183.93,25
1390,35208.89,36
1391,35233.84,36
1392,35258.8,35
1393,35283.75,38
1394,35308.71,34
1395,35333.67,28
1396,35358.62,28
1397,35383.58,24
1398,35408.54,33
1399,35433.49,33
1400,35458.45,35
1401,35483.4,38
1402,35508.36,33
1403,35533.31,42
1404,35558.27,31
1405,35583.23,35
1406,35608.18,37
1407,35633.14,33
1408,35658.09,44
1409,35683.05,30
1410,35708,41
1411,35732.96,41
1412,35757.92,28
1413,35782.88,21
1414,35807.83,42
1415,35832.79,37
1416,35857.74,32
1417,35882.7,34
1418,35907.65,34
1419,35932.61,24
1420,35957.57,29
1421,35982.52,29
1422,36007.48,28
1423,36032.43,23
1424,36057.39,30
1425,36082.34,45
1426,36107.3,42
1427,36132.26,37
1428,36157.21,38
1429,36182.17,25
1430,36207.13,39
1431,36232.08,30
1432,36257.04,23
1433,36281.99,26
1434,36306.95,27
1435,36331.9,37
1436,36356.86,29
1437,36381.82,34
1438,36406.77,22
1439,36431.73,30
1440,36456.68,31
1441,36481.64,30
1442,36506.59,31
1443,36531.55,37
1444,36556.51,38
1445,36581.46,23
1446,36606.42,34
1447,36631.38,32
1448,36656.33,26
1449,36681.29,24
1450,36706.24,25
1451,36731.2,26
1452,36756.15,29
1453,36781.11,25
1454,36806.07,29
1455,36831.02,27
1456,36855.98,25
1457,36880.93,35
1458,36905.89,28
1459,36930.84,22
1460,36955.8,30
1461,36980.76,25
1462,37005.71,27
1463,37030.67,20
1464,37055.63,25
1465,37080.58,26
1466,37105.54,27
1467,37130.49,30
1468,37155.45,32
1469,37180.41,24
1470,37205.36,23
1471,37230.32,25
1472,37255.27,26
1473,37280.23,25
1474,37305.18,13
1475,37330.14,22
1476,37355.1,23
1477,37380.05,31
1478,37405.01,26
1479,37429.96,21
1480,37454.92,30
1481,37479.88,18
1482,37504.83,24
1483,37529.79,31
1484,37554.74,32
1485,37579.7,20
1486,37604.66,18
1487,37629.61,26
1488,37654.57,24
1489,37679.52,16
1490,37704.48,25
1491,37729.43,24
1492,37754.39,25
1493,37779.35,19
1494,37804.3,28
1495,37829.26,20
1496,37854.21,22
1497,37879.17,23
1498,37904.13,26
1499,37929.08,24
1500,37954.04,22
1501,37978.99,34
1502,38003.95,22
1503,38028.91,21
1504,38053.86,29
1505,38078.82,25
1506,38103.77,22
1507,38128.73,34
1508,38153.68,21
1509,38178.64,20
1510,38203.6,22
1511,38228.55,22
1512,38253.51,18
1513,38278.46,26
1514,38303.42,21
1515,38328.38,27
1516,38353.33,28
1517,38378.29,19
1518,38403.25,25
1519,38428.2,18
1520,38453.16,23
1521,38478.11,25
1522,38503.07,27
1523,38528.02,17
1524,38552.98,25
1525,38577.94,22
1526,38602.89,30
1527,38627.85,26
1528,38652.8,17
1529,38677.76,26
1530,38702.71,23
1531,38727.67,21
1532,38752.63,16
1533,38777.58,30
1534,38802.54,26
1535,38827.5,19
1536,38852.45,28
1537,38877.41,25
1538,38902.36,31
1539,38927.32,22
1540,38952.27,18
1541,38977.23,27
1542,39002.19,23
1543,39027.14,18
1544,39052.1,21
1545,39077.05,20
1546,39102.01,19
1547,39126.96,26
1548,39151.92,19
1549,39176.88,15
1550,39201.84,13
1551,39226.79,22
1552,39251.75,18
1553,39276.7,15
1554,39301.66,24
1555,39326.61,21
1556,39351.57,23
1557,39376.53,22
1558,39401.48,19
1559,39426.44,16
1560,39451.39,17
1561,39476.35,22
1562,39501.3,18
1563,39526.26,21
1564,39551.22,9
1565,39576.17,18
1566,39601.13,21
1567,39626.09,15
1568,39651.04,26
1569,39676,31
1570,39700.95,23
1571,39725.91,12
1572,39750.86,18
1573,39775.82,19
1574,39800.78,22
1575,39825.73,25
1576,39850.69,21
1577,39875.64,16
1578,39900.6,22
1579,39925.55,17
1580,39950.51,20
1581,39975.47,23
1582,40000.42,10
1583,40025.38,25
1584,40050.34,18
1585,40075.29,12
1586,40100.25,15
1587,40125.2,16
1588,40150.16,17
1589,40175.11,19
1590,40200.07,16
1591,40225.03,16
1592,40249.98,16
1593,40274.94,17
1594,40299.89,14
1595,40324.85,15
1596,40349.8,22
1597,40374.76,19
1598,40399.72,16
1599,40424.68,15
1600,40449.63,14
1601,40474.59,18
1602,40499.54,20
1603,40524.5,16
1604,40549.45,20
1605,40574.41,24
1606,40599.37,14
1607,40624.32,19
1608,40649.28,23
1609,40674.23,19
1610,40699.19,13
1611,40724.14,14
1612,40749.1,18
1613,40774.06,9
1614,40799.01,18
1615,40823.97,17
1616,40848.93,16
1617,40873.88,25
1618,40898.84,10
1619,40923.79,20
1620,40948.75,11
1621,40973.7,9
1622,40998.66,18
1623,41023.62,8
1624,41048.57,13
1625,41073.53,16
1626,41098.48,15
1627,41123.44,16
1628,41148.39,22
1629,41173.35,13
1630,41198.31,15
1631,41223.26,16
1632,41248.22,14
1633,41273.18,13
1634,41298.13,19
1635,41323.09,11
1636,41348.04,22
1637,41373,19
1638,41397.95,15
1639,41422.91,16
1640,41447.87,10
1641,41472.82,18
1642,41497.78,14
1643,41522.73,14
1644,41547.69,13
1645,41572.64,15
1646,41597.6,15
1647,41622.56,19
1648,41647.52,15
1649,41672.47,16
1650,41697.43,13
1651,41722.38,11
1652,41747.34,9
1653,41772.29,16
1654,41797.25,12
1655,41822.21,15
1656,41847.16,10
1657,41872.12,13
1658,41897.07,13
1659,41922.03,13
1660,41946.98,12
1661,41971.94,15
1662,41996.9,11
1663,42021.85,19
1664,42046.81,18
1665,42071.77,12
1666,42096.72,17
1667,42121.68,11
1668,42146.63,14
1669,42171.59,8
1670,42196.54,17
1671,42221.5,17
1672,42246.46,13
1673,42271.41,9
1674,42296.37,18
1675,42321.32,10
1676,42346.28,12
1677,42371.23,13
1678,42396.19,10
1679,42421.15,16
1680,42446.1,18
1681,42471.06,16
1682,42496.02,11
1683,42520.97,12
1684,42545.93,6
1685,42570.88,15
1686,42595.84,6
1687,42620.79,9
1688,42645.75,15
1689,42670.71,16
1690,42695.66,12
1691,42720.62,9
1692,42745.57,10
1693,42770.53,12
1694,42795.48,15
1695,42820.44,11
1696,42845.4,19
1697,42870.36,27
1698,42895.31,11
1699,42920.27,17
1700,42945.22,11
1701,42970.18,11
1702,42995.13,14
1703,43020.09,18
1704,43045.05,9
1705,43070,7
1706,43094.96,15
1707,43119.91,8
1708,43144.87,19
1709,43169.82,9
1710,43194.78,12
1711,43219.74,12
1712,43244.69,19
1713,43269.65,8
1714,43294.61,11
1715,43319.56,15
1716,43344.52,17
1717,43369.47,12
1718,43394.43,9
1719,43419.38,9
1720,43444.34,14
1721,43469.3,9
1722,43494.25,16
1723,43519.21,16
1724,43544.16,10
1725,43569.12,11
1726,43594.07,13
1727,43619.03,13
1728,43643.99,17
1729,43668.94,17
1730,43693.9,8
1731,43718.86,12
1732,43743.81,11
1733,43768.77,7
1734,43793.72,7
1735,43818.68,9
1736,43843.63,19
1737,43868.59,10
1738,43893.55,11
1739,43918.5,8
1740,43943.46,16
1741,43968.41,9
1742,43993.37,15
1743,44018.32,14
1744,44043.28,14
1745,44068.24,11
1746,44093.2,10
1747,44118.15,3
1748,44143.11,5
1749,44168.06,11
1750,44193.02,9
1751,44217.97,10
1752,44242.93,12
1753,44267.89,10
1754,44292.84,9
1755,44317.8,9
1756,44342.75,14
1757,44367.71,11
1758,44392.66,4
1759,44417.62,9
1760,44442.58,6
1761,44467.53,9
1762,44492.49,5
1763,44517.45,8
1764,44542.4,13
1765,44567.36,7
1766,44592.31,13
1767,44617.27,10
1768,44642.22,11
1769,44667.18,9
1770,44692.14,5
1771,44717.09,7
1772,44742.05,9
1773,44767,6
1774,44791.96,8
1775,44816.91,13
1776,44841.87,11
1777,44866.83,8
1778,44891.78,4
1779,44916.74,13
1780,44941.7,11
1781,44966.65,12
1782,44991.61,9
1783,45016.56,9
1784,45041.52,8
1785,45066.47,9
1786,45091.43,7
1787,45116.39,6
1788,45141.34,10
1789,45166.3,7
1790,45191.25,13
1791,45216.21,10
1792,45241.16,12
1793,45266.12,13
1794,45291.08,8
1795,45316.04,8
1796,45340.99,11
1797,45365.95,9
1798,45390.9,4
1799,45415.86,4
1800,45440.81,12
1801,45465.77,9
1802,45490.73,7
1803,45515.68,10
1804,45540.64,8
1805,45565.59,8
1806,45590.55,10
1807,45615.5,11
1808,45640.46,14
1809,45665.42,4
1810,45690.37,7
1811,45715.33,8
1812,45740.29,10
1813,45765.24,4
1814,45790.2,10
1815,45815.15,7
1816,45840.11,5
1817,45865.06,9
1818,45890.02,11
1819,45914.98,6
1820,45939.93,5
1821,45964.89,9
1822,45989.84,8
1823,46014.8,8
1824,46039.75,7
1825,46064.71,10
1826,46089.67,6
1827,46114.63,8
1828,46139.58,9
1829,46164.54,13
1830,46189.49,11
1831,46214.45,4
1832,46239.4,5
1833,46264.36,9
1834,46289.32,6
1835,46314.27,7
1836,46339.23,8
1837,46364.18,10
1838,46389.14,10
1839,46414.09,11
1840,46439.05,9
1841,46464.01,5
1842,46488.96,7
1843,46513.92,5
1844,46538.88,10
1845,46563.83,10
1846,46588.79,5
1847,46613.74,3
1848,46638.7,12
1849,46663.65,5
1850,46688.61,5
1851,46713.57,6
1852,46738.52,4
1853,46763.48,8
1854,46788.43,5
1855,46813.39,5
1856,46838.34,8
1857,46863.3,6
1858,46888.26,7
1859,46913.21,4
1860,46938.17,4
1861,46963.13,7
1862,46988.08,11
1863,47013.04,9
1864,47037.99,7
1865,47062.95,7
1866,47087.9,8
1867,47112.86,13
1868,47137.82,4
1869,47162.77,11
1870,47187.73,7
1871,47212.68,7
1872,47237.64,5
1873,47262.59,5
1874,47287.55,8
1875,47312.51,3
1876,47337.46,6
1877,47362.42,7
1878,47387.38,3
1879,47412.33,6
1880,47437.29,7
1881,47462.24,6
1882,47487.2,6
1883,47512.16,5
1884,47537.11,6
1885,47562.07,6
1886,47587.02,9
1887,47611.98,5
1888,47636.93,5
1889,47661.89,3
1890,47686.85,8
1891,47711.8,9
1892,47736.76,6
1893,47761.71,5
1894,47786.67,6
1895,47811.63,5
1896,47836.58,5
1897,47861.54,3
1898,47886.49,6
1899,47911.45,6
1900,47936.41,6
1901,47961.36,5
1902,47986.32,6
1903,48011.27,5
1904,48036.23,3
1905,48061.18,3
1906,48086.14,3
1907,48111.1,7
1908,48136.05,3
1909,48161.01,6
1910,48185.96,6
1911,48210.92,6
1912,48235.88,10
1913,48260.83,5
1914,48285.79,5
1915,48310.74,10
1916,48335.7,8
1917,48360.66,7
1918,48385.61,5
1919,48410.57,5
1920,48435.52,11
1921,48460.48,6
1922,48485.43,7
1923,48510.39,4
1924,48535.35,3
1925,48560.3,1
1926,48585.26,3
1927,48610.21,8
1928,48635.17,3
1929,48660.13,9
1930,48685.08,8
1931,48710.04,6
1932,48735,5
1933,48759.95,7
1934,48784.91,6
1935,48809.86,6
1936,48834.82,7
1937,48859.77,6
1938,48884.73,7
1939,48909.69,7
1940,48934.64,3
1941,48959.6,8
1942,48984.55,6
1943,49009.51,5
1944,49034.46,5
1945,49059.42,9
1946,49084.38,8
1947,49109.33,2
1948,49134.29,7
1949,49159.25,6
1950,49184.2,5
1951,49209.16,4
1952,49234.11,5
1953,49259.07,6
1954,49284.02,5
1955,49308.98,6
1956,49333.94,5
1957,49358.89,6
1958,49383.85,7
1959,49408.8,3
1960,49433.76,8
1961,49458.71,4
1962,49483.67,4
1963,49508.63,8
1964,49533.58,2
1965,49558.54,6
1966,49583.5,1
1967,49608.45,7
1968,49633.41,3
1969,49658.36,8
1970,49683.32,4
1971,49708.27,2
1972,49733.23,4
1973,49758.19,4
1974,49783.14,4
1975,49808.1,4
1976,49833.05,4
1977,49858.01,1
1978,49882.96,2
1979,49907.92,1
1980,49932.88,7
1981,49957.84,3
1982,49982.79,5
1983,50007.75,3
1984,50032.7,4
1985,50057.66,8
1986,50082.61,7
1987,50107.57,6
1988,50132.53,4
1989,50157.48,4
1990,50182.44,4
1991,50207.39,5
1992,50232.35,4
1993,50257.3,9
1994,50282.26,6
1995,50307.22,2
1996,50332.17,5
1997,50357.13,4
1998,50382.09,3
1999,50407.04,8
2000,50432,2
2001,50456.95,4
2002,50481.91,7
2003,50506.86,3
2004,50531.82,1
2005,50556.78,4
2006,50581.73,2
2007,50606.69,3
2008,50631.64,4
2009,50656.6,2
2010,50681.55,4
2011,50706.51,2
2012,50731.47,3
2013,50756.42,2
2014,50781.38,4
2015,50806.34,1
2016,50831.29,4
2017,50856.25,4
2018,50881.2,3
2019,50906.16,2
2020,50931.11,6
2021,50956.07,1
2022,50981.03,2
2023,51005.98,3
2024,51030.94,1
2025,51055.89,3
2026,51080.85,3
2027,51105.8,3
2028,51130.76,4
2029,51155.72,3
2030,51180.68,3
2031,51205.63,3
2032,51230.59,3
2033,51255.54,1
2034,51280.5,2
2035,51305.45,5
2036,51330.41,6
2037,51355.37,4
2038,51380.32,1
2039,51405.28,1
2040,51430.23,2
2041,51455.19,1
2042,51480.14,2
2043,51505.1,3
2044,51530.06,0
2045,51555.01,4
2046,51579.97,5
2047,51604.93,5
2048,51629.88,7
2049,51654.84,7
2050,51679.79,4
2051,51704.75,6
2052,51729.7,7
2053,51754.66,6
2054,51779.62,3
2055,51804.57,3
2056,51829.53,5
2057,51854.48,6
2058,51879.44,2
2059,51904.39,2
2060,51929.35,0
2061,51954.31,2
2062,51979.27,2
2063,52004.22,3
2064,52029.18,2
2065,52054.13,5
2066,52079.09,3
2067,52104.04,3
2068,52129,3
2069,52153.96,5
2070,52178.91,3
2071,52203.87,2
2072,52228.82,2
2073,52253.78,2
2074,52278.73,3
2075,52303.69,6
2076,52328.65,7
2077,52353.6,2
2078,52378.56,2
2079,52403.52,2
2080,52428.47,3
2081,52453.43,5
2082,52478.38,0
2083,52503.34,5
2084,52528.29,1
2085,52553.25,2
2086,52578.21,1
2087,52603.16,5
2088,52628.12,3
2089,52653.07,2
2090,52678.03,4
2091,52702.98,4
2092,52727.94,2
2093,52752.9,3
2094,52777.85,2
2095,52802.81,0
2096,52827.77,3
2097,52852.72,7
2098,52877.68,4
2099,52902.63,3
2100,52927.59,3
2101,52952.54,0
2102,52977.5,4
2103,53002.46,4
2104,53027.41,2
2105,53052.37,2
2106,53077.32,5
2107,53102.28,2
2108,53127.23,2
2109,53152.19,2
2110,53177.15,6
2111,53202.11,1
2112,53227.06,4
2113,53252.02,2
2114,53276.97,1
2115,53301.93,2
2116,53326.88,4
2117,53351.84,1
2118,53376.8,3
2119,53401.75,5
2120,53426.71,5
2121,53451.66,3
2122,53476.62,6
2123,53501.57,2
2124,53526.53,3
2125,53551.49,2
2126,53576.44,0
2127,53601.4,1
2128,53626.36,4
2129,53651.31,4
2130,53676.27,1
2131,53701.22,5
2132,53726.18,2
2133,53751.13,8
2134,53776.09,2
2135,53801.05,2
2136,53826,3
2137,53850.96,4
2138,53875.91,2
2139,53900.87,1
2140,53925.82,2
2141,53950.78,5
2142,53975.74,3
2143,54000.69,2
2144,54025.65,1
2145,54050.61,3
2146,54075.56,0
2147,54100.52,2
2148,54125.47,4
2149,54150.43,0
2150,54175.38,2
2151,54200.34,2
2152,54225.3,2
2153,54250.25,4
2154,54275.21,0
2155,54300.16,3
2156,54325.12,2
2157,54350.07,2
2158,54375.03,0
2159,54399.99,2
2160,54424.95,4
2161,54449.9,4
2162,54474.86,3
2163,54499.81,0
2164,54524.77,3
2165,54549.72,1
2166,54574.68,3
2167,54599.64,2
2168,54624.59,1
2169,54649.55,4
2170,54674.5,0
2171,54699.46,0
2172,54724.41,1
2173,54749.37,1
2174,54774.33,1
2175,54799.28,2
2176,54824.24,4
2177,54849.2,2
2178,54874.15,1
2179,54899.11,0
2180,54924.06,0
2181,54949.02,3
2182,54973.97,0
2183,54998.93,3
2184,55023.89,0
2185,55048.84,1
2186,55073.8,1
2187,55098.75,0
2188,55123.71,1
2189,55148.66,0
2190,55173.62,0
2191,55198.58,0
2192,55223.53,0
2193,55248.49,0
2194,55273.45,1
2195,55298.4,2
2196,55323.36,1
2197,55348.31,0
2198,55373.27,0
2199,55398.22,0
2200,55423.18,0
2201,55448.14,3
2202,55473.09,1
2203,55498.05,0
2204,55523,0
2205,55547.96,0
2206,55572.91,0
2207,55597.87,1
2208,55622.83,1
2209,55647.79,1
2210,55672.74,0
2211,55697.7,0
2212,55722.65,0
2213,55747.61,0
2214,55772.56,0
2215,55797.52,0
2216,55822.48,0
2217,55847.43,0
2218,55872.39,1
2219,55897.34,0
2220,55922.3,0
2221,55947.25,0
2222,55972.21,0
2223,55997.17,0
2224,56022.12,0
2225,56047.08,0
2226,56072.04,0
2227,56096.99,1
2228,56121.95,0
2229,56146.9,0
2230,56171.86,0
2231,56196.81,0
2232,56221.77,0
2233,56246.73,0
2234,56271.68,0
2235,56296.64,0
2236,56321.59,0
2237,56346.55,1
2238,56371.5,0
2239,56396.46,0
2240,56421.42,0
2241,56446.37,0
2242,56471.33,0
2243,56496.29,0
2244,56521.24,0
2245,56546.2,0
2246,56571.15,0
2247,56596.11,0
2248,56621.06,0
2249,56646.02,0
2250,56670.98,0
2251,56695.93,0
2252,56720.89,1
2253,56745.84,0
2254,56770.8,0
2255,56795.75,0
2256,56820.71,0
2257,56845.67,0
2258,56870.63,0
2259,56895.58,0
2260,56920.54,0
2261,56945.49,0
2262,56970.45,0
2263,56995.4,0
2264,57020.36,0
2265,57045.32,0
2266,57070.27,0
2267,57095.23,0
2268,57120.18,0
2269,57145.14,0
2270,57170.09,0
2271,57195.05,0
2272,57220.01,0
2273,57244.96,0
2274,57269.92,0
2275,57294.88,0
2276,57319.83,0
2277,57344.79,0
2278,57369.74,0
2279,57394.7,0
2280,57419.65,0
2281,57444.61,0
2282,57469.57,0
2283,57494.52,0
2284,57519.48,0
2285,57544.43,0
2286,57569.39,0
2287,57594.34,0
2288,57619.3,0
2289,57644.26,0
2290,57669.21,0
2291,57694.17,0
2292,57719.13,0
2293,57744.08,0
2294,57769.04,0
2295,57793.99,0
2296,57818.95,0
2297,57843.9,1
2298,57868.86,1
2299,57893.82,0
2300,57918.77,0
2301,57943.73,0
2302,57968.68,0
2303,57993.64,0
2304,58018.59,0
2305,58043.55,0
2306,58068.51,0
2307,58093.46,0
2308,58118.42,0
2309,58143.38,0
2310,58168.33,0
2311,58193.29,0
2312,58218.24,0
2313,58243.2,0
2314,58268.16,0
2315,58293.11,0
2316,58318.07,0
2317,58343.02,0
2318,58367.98,0
2319,58392.93,0
2320,58417.89,0
2321,58442.85,0
2322,58467.8,0
2323,58492.76,0
2324,58517.71,0
2325,58542.67,0
2326,58567.63,0
2327,58592.58,0
2328,58617.54,0
2329,58642.49,0
2330,58667.45,0
2331,58692.41,0
2332,58717.36,0
2333,58742.32,0
2334,58767.27,0
2335,58792.23,0
2336,58817.18,0
2337,58842.14,0
2338,58867.1,0
2339,58892.05,0
2340,58917.01,0
2341,58941.96,0
2342,58966.92,0
2343,58991.88,0
2344,59016.83,0
2345,59041.79,0
2346,59066.75,0
2347,59091.7,0
2348,59116.66,0
2349,59141.61,0
2350,59166.57,0
2351,59191.52,0
2352,59216.48,0
2353,59241.44,0
2354,59266.39,0
2355,59291.35,0
2356,59316.3,0
2357,59341.26,0
2358,59366.21,0
2359,59391.17,0
2360,59416.13,0
2361,59441.08,0
2362,59466.04,0
2363,59491,1
2364,59515.95,0
2365,59540.91,0
2366,59565.86,0
2367,59590.82,0
2368,59615.77,0
2369,59640.73,0
2370,59665.69,0
2371,59690.64,0
2372,59715.6,0
2373,59740.55,0
2374,59765.51,0
2375,59790.46,0
2376,59815.42,0
2377,59840.38,1
2378,59865.33,0
2379,59890.29,0
2380,59915.25,0
2381,59940.2,0
2382,59965.16,0
2383,59990.11,0
2384,60015.07,0
2385,60040.02,0
2386,60064.98,0
2387,60089.94,0
2388,60114.89,0
2389,60139.85,0
2390,60164.8,0
2391,60189.76,0
2392,60214.71,0
2393,60239.67,0
2394,60264.63,0
2395,60289.59,0
2396,60314.54,0
2397,60339.5,0
2398,60364.45,0
2399,60389.41,0
2400,60414.36,0
2401,60439.32,0
2402,60464.28,0
2403,60489.23,0
2404,60514.19,0
2405,60539.14,0
2406,60564.1,0
2407,60589.05,0
2408,60614.01,0
2409,60638.97,0
2410,60663.92,0
2411,60688.88,0
2412,60713.84,0
2413,60738.79,0
2414,60763.75,0
2415,60788.7,0
2416,60813.66,0
2417,60838.61,0
2418,60863.57,0
2419,60888.53,0
2420,60913.48,0
2421,60938.44,0
2422,60963.39,0
2423,60988.35,0
2424,61013.3,0
2425,61038.26,0
2426,61063.22,0
2427,61088.17,0
2428,61113.13,0
2429,61138.09,0
2430,61163.04,0
2431,61188,0
2432,61212.95,0
2433,61237.91,0
2434,61262.86,0
2435,61287.82,0
2436,61312.78,0
2437,61337.73,0
2438,61362.69,0
2439,61387.64,0
2440,61412.6,0
2441,61437.55,0
2442,61462.51,0
2443,61487.47,0
2444,61512.43,0
2445,61537.38,0
2446,61562.34,0
2447,61587.29,0
2448,61612.25,0
2449,61637.2,0
2450,61662.16,0
2451,61687.12,0
2452,61712.07,0
2453,61737.03,0
2454,61761.98,0
2455,61786.94,0
2456,61811.89,0
2457,61836.85,0
2458,61861.81,0
2459,61886.76,0
2460,61911.72,0
2461,61936.68,0
2462,61961.63,0
2463,61986.59,0
2464,62011.54,0
2465,62036.5,0
2466,62061.45,0
2467,62086.41,0
2468,62111.37,0
2469,62136.32,0
2470,62161.28,0
2471,62186.23,0
2472,62211.19,0
2473,62236.14,0
2474,62261.1,0
2475,62286.06,0
2476,62311.01,0
2477,62335.97,0
2478,62360.93,0
2479,62385.88,0
2480,62410.84,0
2481,62435.79,0
2482,62460.75,0
2483,62485.7,0
2484,62510.66,0
2485,62535.62,0
2486,62560.57,0
2487,62585.53,0
2488,62610.48,0
2489,62635.44,0
2490,62660.39,0
2491,62685.35,0
2492,62710.31,0
2493,62735.27,1
2494,62760.22,0
2495,62785.18,0
2496,62810.13,0
2497,62835.09,0
2498,62860.04,0
2499,62885,0
2500,62909.96,0
2501,62934.91,0
2502,62959.87,0
2503,62984.82,0
2504,63009.78,0
2505,63034.73,0
2506,63059.69,0
2507,63084.65,0
2508,63109.6,0
2509,63134.56,0
2510,63159.52,0
2511,63184.47,1
2512,63209.43,0
2513,63234.38,0
2514,63259.34,1
2515,63284.29,0
2516,63309.25,0
2517,63334.21,0
2518,63359.16,0
2519,63384.12,0
2520,63409.07,0
2521,63434.03,0
2522,63458.98,0
2523,63483.94,0
2524,63508.9,0
2525,63533.85,0
2526,63558.81,0
2527,63583.77,1
2528,63608.72,0
2529,63633.68,1
2530,63658.63,1
2531,63683.59,0
2532,63708.54,1
2533,63733.5,0
2534,63758.46,0
2535,63783.41,1
2536,63808.37,0
2537,63833.32,0
2538,63858.28,1
2539,63883.23,0
2540,63908.19,0
2541,63933.15,2
2542,63958.11,0
2543,63983.06,0
2544,64008.02,0
2545,64032.97,0
2546,64057.93,0
2547,64082.88,0
2548,64107.84,0
2549,64132.8,0
2550,64157.75,0
2551,64182.71,0
2552,64207.66,0
2553,64232.62,0
2554,64257.57,0
2555,64282.53,0
2556,64307.49,1
2557,64332.44,0
2558,64357.4,0
2559,64382.36,1
2560,64407.31,0
2561,64432.27,0
2562,64457.22,0
2563,64482.18,0
2564,64507.13,0
2565,64532.09,0
2566,64557.05,0
2567,64582,0
2568,64606.96,0
2569,64631.91,0
2570,64656.87,0
2571,64681.82,0
2572,64706.78,0
2573,64731.74,0
2574,64756.7,0
2575,64781.65,0
2576,64806.61,0
2577,64831.56,0
2578,64856.52,0
2579,64881.47,0
2580,64906.43,0
2581,64931.39,0
2582,64956.34,0
2583,64981.3,0
2584,65006.25,0
2585,65031.21,0
2586,65056.16,0
2587,65081.12,0
2588,65106.08,0
2589,65131.03,0
2590,65155.99,0
2591,65180.95,0
2592,65205.9,0
2593,65230.86,0
2594,65255.81,0
2595,65280.77,0
2596,65305.72,0
2597,65330.68,0
2598,65355.64,0
2599,65380.59,0
2600,65405.55,0
2601,65430.5,0
2602,65455.46,0
2603,65480.41,0
2604,65505.37,0
2605,65530.33,0
2606,65555.28,0
2607,65580.24,0
2608,65605.2,0
2609,65630.15,0
2610,65655.11,0
2611,65680.06,0
2612,65705.02,0
2613,65729.98,0
2614,65754.93,0
2615,65779.88,0
2616,65804.84,0
2617,65829.8,0
2618,65854.75,0
2619,65879.71,0
2620,65904.66,0
2621,65929.63,0
2622,65954.58,0
2623,65979.53,0
2624,66004.49,0
2625,66029.45,0
2626,66054.4,0
2627,66079.36,0
2628,66104.31,0
2629,66129.27,0
2630,66154.23,0
2631,66179.18,0
2632,66204.13,0
2633,66229.09,0
2634,66254.05,0
2635,66279.01,0
2636,66303.96,0
2637,66328.91,0
2638,66353.88,0
2639,66378.83,0
2640,66403.78,0
2641,66428.74,0
2642,66453.7,0
2643,66478.65,0
2644,66503.61,0
2645,66528.56,0
2646,66553.52,0
2647,66578.48,0
2648,66603.43,0
2649,66628.39,0
2650,66653.34,0
2651,66678.3,0
2652,66703.26,0
2653,66728.21,0
2654,66753.16,0
2655,66778.13,0
2656,66803.08,0
2657,66828.03,0
2658,66852.99,0
2659,66877.95,0
2660,66902.9,0
2661,66927.86,0
2662,66952.81,0
2663,66977.77,0
2664,67002.73,0
2665,67027.68,0
2666,67052.64,0
2667,67077.59,0
2668,67102.55,0
2669,67127.51,0
2670,67152.46,0
2671,67177.41,0
2672,67202.38,0
2673,67227.33,0
2674,67252.28,0
2675,67277.24,0
2676,67302.2,0
2677,67327.16,0
2678,67352.11,0
2679,67377.06,0
2680,67402.02,0
2681,67426.98,0
2682,67451.93,0
2683,67476.89,0
2684,67501.84,0
2685,67526.8,0
2686,67551.76,0
2687,67576.71,0
2688,67601.67,0
2689,67626.63,0
2690,67651.58,0
2691,67676.54,0
2692,67701.49,0
2693,67726.45,0
2694,67751.41,0
2695,67776.36,0
2696,67801.31,0
2697,67826.27,0
2698,67851.23,0
2699,67876.18,0
2700,67901.14,0
2701,67926.09,0
2702,67951.05,0
2703,67976.01,0
2704,68000.96,0
2705,68025.92,0
2706,68050.88,0
2707,68075.83,0
2708,68100.79,0
2709,68125.74,0
2710,68150.7,0
2711,68175.66,0
2712,68200.61,0
2713,68225.56,0
2714,68250.52,0
2715,68275.48,0
2716,68300.44,0
2717,68325.39,0
2718,68350.34,0
2719,68375.3,0
2720,68400.26,0
2721,68425.21,0
2722,68450.17,0
2723,68475.13,0
2724,68500.08,0
2725,68525.04,0
2726,68549.99,0
2727,68574.95,0
2728,68599.91,0
2729,68624.86,0
2730,68649.82,0
2731,68674.77,0
2732,68699.73,0
2733,68724.69,0
2734,68749.64,0
2735,68774.59,0
2736,68799.55,0
2737,68824.51,0
2738,68849.46,0
2739,68874.42,0
2740,68899.38,0
2741,68924.33,0
2742,68949.29,0
2743,68974.24,0
2744,68999.2,0
2745,69024.16,0
2746,69049.11,0
2747,69074.07,0
2748,69099.02,0
2749,69123.98,0
2750,69148.94,0
2751,69173.89,0
2752,69198.84,0
2753,69223.8,0
2754,69248.76,0
2755,69273.71,0
2756,69298.67,0
2757,69323.63,0
2758,69348.59,0
2759,69373.54,0
2760,69398.49,0
2761,69423.45,0
2762,69448.41,0
2763,69473.36,0
2764,69498.32,0
2765,69523.27,0
2766,69548.23,0
2767,69573.19,0
2768,69598.14,0
2769,69623.09,0
2770,69648.05,0
2771,69673.01,0
2772,69697.97,0
2773,69722.92,0
2774,69747.88,0
2775,69772.84,0
2776,69797.79,0
2777,69822.74,0
2778,69847.7,0
2779,69872.66,0
2780,69897.61,0
2781,69922.57,0
2782,69947.52,0
2783,69972.48,0
2784,69997.44,0
2785,70022.39,0
2786,70047.35,0
2787,70072.3,0
2788,70097.26,0
2789,70122.22,0
2790,70147.17,0
2791,70172.13,0
2792,70197.09,0
2793,70222.04,0
2794,70246.99,0
2795,70271.95,0
2796,70296.91,0
2797,70321.86,0
2798,70346.82,0
2799,70371.77,0
2800,70396.73,0
2801,70421.69,0
2802,70446.64,0
2803,70471.6,0
2804,70496.55,0
2805,70521.51,0
2806,70546.47,0
2807,70571.42,0
2808,70596.38,0
2809,70621.34,0
2810,70646.29,0
2811,70671.24,0
2812,70696.2,0
2813,70721.16,0
2814,70746.12,0
2815,70771.07,0
2816,70796.02,0
2817,70820.98,0
2818,70845.94,0
2819,70870.89,0
2820,70895.85,0
2821,70920.8,0
2822,70945.76,0
2823,70970.72,0
2824,70995.67,0
2825,71020.63,0
2826,71045.59,0
2827,71070.54,0
2828,71095.5,0
2829,71120.45,0
2830,71145.41,0
2831,71170.37,0
2832,71195.32,0
2833,71220.27,0
2834,71245.23,0
2835,71270.19,0
2836,71295.14,0
2837,71320.1,0
2838,71345.05,0
2839,71370.01,0
2840,71394.97,0
2841,71419.92,0
2842,71444.88,0
2843,71469.84,0
2844,71494.79,0
2845,71519.75,0
2846,71544.7,0
2847,71569.66,0
2848,71594.62,0
2849,71619.57,0
2850,71644.52,0
2851,71669.48,0
2852,71694.44,0
2853,71719.39,0
2854,71744.35,0
2855,71769.3,0
2856,71794.27,0
2857,71819.22,0
2858,71844.17,0
2859,71869.13,0
2860,71894.09,0
2861,71919.04,0
2862,71944,0
2863,71968.95,0
2864,71993.91,0
2865,72018.87,0
2866,72043.82,0
2867,72068.77,0
2868,72093.73,0
2869,72118.69,0
2870,72143.65,0
2871,72168.6,0
2872,72193.55,0
2873,72218.52,0
2874,72243.47,0
2875,72268.42,0
2876,72293.38,0
2877,72318.34,0
2878,72343.29,0
2879,72368.25,0
2880,72393.2,0
2881,72418.16,0
2882,72443.12,0
2883,72468.07,0
2884,72493.03,0
2885,72517.98,0
2886,72542.94,0
2887,72567.9,0
2888,72592.85,0
2889,72617.8,0
2890,72642.77,0
2891,72667.72,0
2892,72692.67,0
2893,72717.63,0
2894,72742.59,0
2895,72767.54,0
2896,72792.5,0
2897,72817.45,0
2898,72842.41,0
2899,72867.37,0
2900,72892.32,0
2901,72917.28,0
2902,72942.23,0
2903,72967.19,0
2904,72992.15,0
2905,73017.1,0
2906,73042.05,0
2907,73067.02,0
2908,73091.97,0
2909,73116.92,0
2910,73141.88,0
2911,73166.84,0
2912,73191.8,0
2913,73216.75,0
2914,73241.7,0
2915,73266.66,0
2916,73291.62,0
2917,73316.57,0
2918,73341.53,0
2919,73366.48,0
2920,73391.44,0
2921,73416.4,0
2922,73441.35,0
2923,73466.3,0
2924,73491.27,0
2925,73516.22,0
2926,73541.18,0
2927,73566.13,0
2928,73591.09,0
2929,73616.05,0
2930,73641,0
2931,73665.95,0
2932,73690.91,0
2933,73715.87,0
2934,73740.82,0
2935,73765.78,0
2936,73790.73,0
2937,73815.69,0
2938,73840.65,0
2939,73865.6,0
2940,73890.56,0
2941,73915.52,0
2942,73940.47,0
2943,73965.43,0
2944,73990.38,0
2945,74015.34,0
2946,74040.3,0
2947,74065.25,0
2948,74090.2,0
2949,74115.16,0
2950,74140.12,0
2951,74165.08,0
2952,74190.03,0
2953,74214.98,0
2954,74239.95,0
2955,74264.9,0
2956,74289.85,0
2957,74314.81,0
2958,74339.77,0
2959,74364.72,0
2960,74389.68,0
2961,74414.63,0
2962,74439.59,0
2963,74464.55,0
2964,74489.5,0
2965,74514.46,0
2966,74539.41,0
2967,74564.37,0
2968,74589.33,0
2969,74614.28,0
2970,74639.23,0
2971,74664.2,0
2972,74689.15,0
2973,74714.1,0
2974,74739.06,0
2975,74764.02,0
2976,74788.97,0
2977,74813.93,0
2978,74838.88,0
2979,74863.84,0
2980,74888.8,0
2981,74913.75,0
2982,74938.71,0
2983,74963.66,0
2984,74988.62,0
2985,75013.58,0
2986,75038.53,0
2987,75063.48,0
2988,75088.45,0
2989,75113.4,0
2990,75138.35,0
2991,75163.31,0
2992,75188.27,0
2993,75213.23,0
2994,75238.18,0
2995,75263.13,0
2996,75288.09,0
2997,75313.05,0
2998,75338,0
2999,75362.96,0
3000,75387.91,0
3001,75412.87,0
3002,75437.83,0
3003,75462.78,0
3004,75487.73,0
3005,75512.7,0
3006,75537.65,0
3007,75562.61,0
3008,75587.56,0
3009,75612.52,0
3010,75637.48,0
3011,75662.43,0
3012,75687.38,0
3013,75712.34,0
3014,75737.3,0
3015,75762.25,0
3016,75787.21,0
3017,75812.16,0
3018,75837.12,0
3019,75862.08,0
3020,75887.03,0
3021,75911.99,0
3022,75936.95,0
3023,75961.9,0
3024,75986.86,0
3025,76011.81,0
3026,76036.77,0
3027,76061.73,0
3028,76086.68,0
3029,76111.63,0
3030,76136.59,0
3031,76161.55,0
3032,76186.5,0
3033,76211.46,0
3034,76236.41,0
3035,76261.38,0
3036,76286.33,0
3037,76311.28,0
3038,76336.24,0
3039,76361.2,0
3040,76386.15,0
3041,76411.11,0
3042,76436.06,0
3043,76461.02,0
3044,76485.98,0
3045,76510.93,0
3046,76535.88,0
3047,76560.84,0
3048,76585.8,0
3049,76610.76,0
3050,76635.71,0
3051,76660.66,0
3052,76685.63,0
3053,76710.58,0
3054,76735.53,0
3055,76760.49,0
3056,76785.45,0
3057,76810.4,0
3058,76835.36,0
3059,76860.31,0
3060,76885.27,0
3061,76910.23,0
3062,76935.18,0
3063,76960.14,0
3064,76985.09,0
3065,77010.05,0
3066,77035.01,0
3067,77059.96,0
3068,77084.91,0
3069,77109.88,0
3070,77134.83,0
3071,77159.78,0
3072,77184.74,0
3073,77209.7,0
3074,77234.65,0
3075,77259.61,0
3076,77284.56,0
3077,77309.52,0
3078,77334.48,0
3079,77359.43,0
3080,77384.39,0
3081,77409.34,0
3082,77434.3,0
3083,77459.26,0
3084,77484.21,0
3085,77509.16,0
3086,77534.13,0
3087,77559.08,0
3088,77584.03,0
3089,77608.99,0
3090,77633.95,0
3091,77658.91,0
3092,77683.86,0
3093,77708.81,0
3094,77733.77,0
3095,77758.73,0
3096,77783.68,0
3097,77808.64,0
3098,77833.59,0
3099,77858.55,0
3100,77883.51,0
3101,77908.46,0
3102,77933.41,0
3103,77958.38,0
3104,77983.33,0
3105,78008.29,0
3106,78033.24,0
3107,78058.2,0
3108,78083.16,0
3109,78108.11,0
3110,78133.06,0
3111,78158.02,0
3112,78182.98,0
3113,78207.93,0
3114,78232.89,0
3115,78257.84,0
3116,78282.8,0
3117,78307.76,0
3118,78332.71,0
3119,78357.67,0
3120,78382.63,0
3121,78407.58,0
3122,78432.54,0
3123,78457.49,0
3124,78482.45,0
3125,78507.41,0
3126,78532.36,0
3127,78557.31,0
3128,78582.27,0
3129,78607.23,0
3130,78632.18,0
3131,78657.14,0
3132,78682.09,0
3133,78707.05,0
3134,78732.01,0
3135,78756.96,0
3136,78781.92,0
3137,78806.88,0
3138,78831.83,0
3139,78856.79,0
3140,78881.74,0
3141,78906.7,0
3142,78931.66,0
3143,78956.61,0
3144,78981.56,0
3145,79006.52,0
3146,79031.48,0
3147,79056.44,0
3148,79081.39,0
3149,79106.34,0
3150,79131.3,0
3151,79156.26,0
3152,79181.21,0
3153,79206.17,0
3154,79231.13,0
3155,79256.08,0
3156,79281.04,0
3157,79305.99,0
3158,79330.95,0
3159,79355.91,0
3160,79380.86,0
3161,79405.82,0
3162,79430.77,0
3163,79455.73,0
3164,79480.69,0
3165,79505.64,0
3166,79530.59,0
3167,79555.55,0
3168,79580.51,0
3169,79605.46,0
3170,79630.42,0
3171,79655.38,0
3172,79680.33,0
3173,79705.29,0
3174,79730.24,0
3175,79755.2,0
3176,79780.16,0
3177,79805.11,0
3178,79830.07,0
3179,79855.02,0
3180,79879.98,0
3181,79904.94,0
3182,79929.89,0
3183,79954.84,0
3184,79979.8,0
3185,80004.76,0
3186,80029.71,0
3187,80054.67,0
3188,80079.63,0
3189,80104.59,0
3190,80129.54,0
3191,80154.49,0
3192,80179.45,0
3193,80204.41,0
3194,80229.36,0
3195,80254.32,0
3196,80279.27,0
3197,80304.23,0
3198,80329.19,0
3199,80354.14,0
3200,80379.09,0
3201,80404.05,0
3202,80429.01,0
3203,80453.97,0
3204,80478.92,0
3205,80503.88,0
3206,80528.84,0
3207,80553.79,0
3208,80578.74,0
3209,80603.7,0
3210,80628.66,0
3211,80653.61,0
3212,80678.57,0
3213,80703.52,0
3214,80728.48,0
3215,80753.44,0
3216,80778.39,0
3217,80803.35,0
3218,80828.3,0
3219,80853.26,0
3220,80878.22,0
3221,80903.17,0
3222,80928.13,0
3223,80953.09,0
3224,80978.04,0
3225,81002.99,0
3226,81027.95,0
3227,81052.91,0
3228,81077.87,0
3229,81102.82,0
3230,81127.77,0
3231,81152.73,0
3232,81177.69,0
3233,81202.64,0
3234,81227.6,0
3235,81252.55,0
3236,81277.51,0
3237,81302.47,0
3238,81327.42,0
3239,81352.38,0
3240,81377.34,0
3241,81402.29,0
3242,81427.25,0
3243,81452.2,0
3244,81477.16,0
3245,81502.12,0
3246,81527.07,0
3247,81552.02,0
3248,81576.98,0
3249,81601.94,0
3250,81626.89,0
3251,81651.85,0
3252,81676.8,0
3253,81701.76,0
3254,81726.72,0
3255,81751.67,0
3256,81776.63,0
3257,81801.59,0
3258,81826.54,0
3259,81851.5,0
3260,81876.45,0
3261,81901.41,0
3262,81926.37,0
3263,81951.32,0
3264,81976.27,0
3265,82001.23,0
3266,82026.19,0
3267,82051.14,0
3268,82076.1,0
3269,82101.05,0
3270,82126.02,0
3271,82150.97,0
3272,82175.92,0
3273,82200.88,0
3274,82225.84,0
3275,82250.79,0
3276,82275.75,0
3277,82300.7,0
3278,82325.66,0
3279,82350.62,0
3280,82375.57,0
3281,82400.52,0
3282,82425.48,0
3283,82450.44,0
3284,82475.4,0
3285,82500.35,0
3286,82525.3,0
3287,82550.27,0
3288,82575.22,0
3289,82600.17,0
3290,82625.13,0
3291,82650.09,0
3292,82675.04,0
3293,82700,0
3294,82724.95,0
3295,82749.91,0
3296,82774.87,0
3297,82799.82,0
3298,82824.78,0
3299,82849.73,0
3300,82874.69,0
3301,82899.65,0
3302,82924.6,0
3303,82949.55,0
3304,82974.52,0
3305,82999.47,0
3306,83024.42,0
3307,83049.38,0
3308,83074.34,0
3309,83099.29,0
3310,83124.25,0
3311,83149.2,0
3312,83174.16,0
3313,83199.12,0
3314,83224.07,0
3315,83249.03,0
3316,83273.98,0
3317,83298.94,0
3318,83323.9,0
3319,83348.85,0
3320,83373.8,0
3321,83398.77,0
3322,83423.72,0
3323,83448.67,0
3324,83473.63,0
3325,83498.59,0
3326,83523.55,0
3327,83548.5,0
3328,83573.45,0
3329,83598.41,0
3330,83623.37,0
3331,83648.32,0
3332,83673.28,0
3333,83698.23,0
3334,83723.19,0
3335,83748.15,0
3336,83773.1,0
3337,83798.05,0
3338,83823.02,0
3339,83847.97,0
3340,83872.93,0
3341,83897.88,0
3342,83922.84,0
3343,83947.8,0
3344,83972.75,0
3345,83997.7,0
3346,84022.66,0
3347,84047.62,0
3348,84072.57,0
3349,84097.53,0
3350,84122.48,0
3351,84147.44,0
3352,84172.4,0
3353,84197.35,0
3354,84222.31,0
3355,84247.27,0
3356,84272.22,0
3357,84297.18,0
3358,84322.13,0
3359,84347.09,0
3360,84372.05,0
3361,84397,0
3362,84421.95,0
3363,84446.91,0
3364,84471.87,0
3365,84496.82,0
3366,84521.78,0
3367,84546.73,0
3368,84571.7,0
3369,84596.65,0
3370,84621.6,0
3371,84646.56,0
3372,84671.52,0
3373,84696.47,0
3374,84721.43,0
3375,84746.38,0
3376,84771.34,0
3377,84796.3,0
3378,84821.25,0
3379,84846.2,0
3380,84871.16,0
3381,84896.12,0
3382,84921.08,0
3383,84946.03,0
3384,84970.98,0
3385,84995.95,0
3386,85020.9,0
3387,85045.85,0
3388,85070.81,0
3389,85095.77,0
3390,85120.72,0
3391,85145.68,0
3392,85170.63,0
3393,85195.59,0
3394,85220.55,0
3395,85245.5,0
3396,85270.46,0
3397,85295.41,0
3398,85320.37,0
3399,85345.33,0
3400,85370.28,0
3401,85395.23,0
3402,85420.2,0
3403,85445.15,0
3404,85470.1,0
3405,85495.06,0
3406,85520.02,0
3407,85544.97,0
3408,85569.93,0
3409,85594.88,0
3410,85619.84,0
3411,85644.8,0
3412,85669.75,0
3413,85694.71,0
3414,85719.66,0
3415,85744.62,0
3416,85769.58,0
3417,85794.53,0
3418,85819.48,0
3419,85844.45,0
3420,85869.4,0
3421,85894.35,0
3422,85919.31,0
3423,85944.27,0
3424,85969.23,0
3425,85994.18,0
3426,86019.13,0
3427,86044.09,0
3428,86069.05,0
3429,86094,0
3430,86118.96,0
3431,86143.91,0
3432,86168.87,0
3433,86193.83,0
3434,86218.78,0
3435,86243.73,0
3436,86268.7,0
3437,86293.65,0
3438,86318.61,0
3439,86343.56,0
3440,86368.52,0
3441,86393.48,0
3442,86418.43,0
3443,86443.38,0
3444,86468.34,0
3445,86493.3,0
3446,86518.25,0
3447,86543.21,0
3448,86568.16,0
3449,86593.12,0
3450,86618.08,0
3451,86643.03,0
3452,86667.99,0
3453,86692.95,0
3454,86717.9,0
3455,86742.86,0
3456,86767.81,0
3457,86792.77,0
3458,86817.73,0
3459,86842.68,0
3460,86867.63,0
3461,86892.59,0
3462,86917.55,0
3463,86942.51,0
3464,86967.46,0
3465,86992.41,0
3466,87017.38,0
3467,87042.33,0
3468,87067.28,0
3469,87092.24,0
3470,87117.2,0
3471,87142.15,0
3472,87167.11,0
3473,87192.06,0
3474,87217.02,0
3475,87241.98,0
3476,87266.93,0
3477,87291.89,0
3478,87316.84,0
3479,87341.8,0
3480,87366.76,0
3481,87391.71,0
3482,87416.66,0
3483,87441.63,0
3484,87466.58,0
3485,87491.53,0
3486,87516.49,0
3487,87541.45,0
3488,87566.4,0
3489,87591.36,0
3490,87616.31,0
3491,87641.27,0
3492,87666.23,0
3493,87691.18,0
3494,87716.14,0
3495,87741.09,0
3496,87766.05,0
3497,87791.01,0
3498,87815.96,0
3499,87840.91,0
3500,87865.88,0
3501,87890.83,0
3502,87915.78,0
3503,87940.74,0
3504,87965.7,0
3505,87990.66,0
3506,88015.61,0
3507,88040.56,0
3508,88065.52,0
3509,88090.48,0
3510,88115.43,0
3511,88140.39,0
3512,88165.34,0
3513,88190.3,0
3514,88215.26,0
3515,88240.21,0
3516,88265.16,0
3517,88290.13,0
3518,88315.08,0
3519,88340.04,0
3520,88364.99,0
3521,88389.95,0
3522,88414.91,0
3523,88439.86,0
3524,88464.81,0
3525,88489.77,0
3526,88514.73,0
3527,88539.68,0
3528,88564.64,0
3529,88589.59,0
3530,88614.55,0
3531,88639.51,0
3532,88664.46,0
3533,88689.42,0
3534,88714.38,0
3535,88739.33,0
3536,88764.29,0
3537,88789.24,0
3538,88814.2,0
3539,88839.16,0
3540,88864.11,0
3541,88889.06,0
3542,88914.02,0
3543,88938.98,0
3544,88963.93,0
3545,88988.89,0
3546,89013.84,0
3547,89038.8,0
3548,89063.76,0
3549,89088.71,0
3550,89113.67,0
3551,89138.63,0
3552,89163.58,0
3553,89188.54,0
3554,89213.49,0
3555,89238.45,0
3556,89263.41,0
3557,89288.36,0
3558,89313.31,0
3559,89338.27,0
3560,89363.23,0
3561,89388.19,0
3562,89413.14,0
3563,89438.09,0
3564,89463.05,0
3565,89488.01,0
3566,89512.96,0
3567,89537.92,0
3568,89562.88,0
3569,89587.83,0
3570,89612.79,0
3571,89637.74,0
3572,89662.7,0
3573,89687.66,0
3574,89712.61,0
3575,89737.57,0
3576,89762.52,0
3577,89787.48,0
3578,89812.44,0
3579,89837.39,0
3580,89862.34,0
3581,89887.3,0
3582,89912.26,0
3583,89937.21,0
3584,89962.17,0
3585,89987.13,0
3586,90012.08,0
3587,90037.04,0
3588,90061.99,0
3589,90086.95,0
3590,90111.91,0
3591,90136.86,0
3592,90161.82,0
3593,90186.77,0
3594,90211.73,0
3595,90236.69,0
3596,90261.64,0
3597,90286.59,0
3598,90311.55,0
3599,90336.51,0
3600,90361.46,0
3601,90386.42,0
3602,90411.38,0
3603,90436.34,0
3604,90461.29,0
3605,90486.24,0
3606,90511.2,0
3607,90536.16,0
3608,90561.11,0
3609,90586.07,0
3610,90611.02,0
3611,90635.98,0
3612,90660.94,0
3613,90685.89,0
3614,90710.84,0
3615,90735.8,0
3616,90760.76,0
3617,90785.72,0
3618,90810.67,0
3619,90835.63,0
3620,90860.59,0
3621,90885.54,0
3622,90910.49,0
3623,90935.45,0
3624,90960.41,0
3625,90985.36,0
3626,91010.32,0
3627,91035.27,0
3628,91060.23,0
3629,91085.19,0
3630,91110.14,0
3631,91135.1,0
3632,91160.05,0
3633,91185.01,0
3634,91209.97,0
3635,91234.92,0
3636,91259.88,0
3637,91284.84,0
3638,91309.79,0
3639,91334.74,0
3640,91359.7,0
3641,91384.66,0
3642,91409.61,0
3643,91434.57,0
3644,91459.52,0
3645,91484.48,0
3646,91509.44,0
3647,91534.39,0
3648,91559.35,0
3649,91584.3,0
3650,91609.26,0
3651,91634.22,0
3652,91659.17,0
3653,91684.13,0
3654,91709.09,0
3655,91734.04,0
3656,91758.99,0
3657,91783.95,0
3658,91808.91,0
3659,91833.87,0
3660,91858.82,0
3661,91883.77,0
3662,91908.73,0
3663,91933.69,0
3664,91958.64,0
3665,91983.6,0
3666,92008.55,0
3667,92033.51,0
3668,92058.47,0
3669,92083.42,0
3670,92108.38,0
3671,92133.34,0
3672,92158.29,0
3673,92183.25,0
3674,92208.2,0
3675,92233.16,0
3676,92258.12,0
3677,92283.07,0
3678,92308.02,0
3679,92332.98,0
3680,92357.94,0
3681,92382.89,0
3682,92407.85,0
3683,92432.8,0
3684,92457.76,0
3685,92482.72,0
3686,92507.67,0
3687,92532.63,0
3688,92557.59,0
3689,92582.54,0
3690,92607.5,0
3691,92632.45,0
3692,92657.41,0
3693,92682.37,0
3694,92707.32,0
3695,92732.27,0
3696,92757.23,0
3697,92782.19,0
3698,92807.14,0
3699,92832.1,0
3700,92857.05,0
3701,92882.02,0
3702,92906.97,0
3703,92931.92,0
3704,92956.88,0
3705,92981.84,0
3706,93006.79,0
3707,93031.75,0
3708,93056.7,0
3709,93081.66,0
3710,93106.62,0
3711,93131.57,0
3712,93156.53,0
3713,93181.48,0
3714,93206.44,0
3715,93231.4,0
3716,93256.35,0
3717,93281.3,0
3718,93306.27,0
3719,93331.22,0
3720,93356.17,0
3721,93381.13,0
3722,93406.09,0
3723,93431.04,0
3724,93456,0
3725,93480.95,0
3726,93505.91,0
3727,93530.87,0
3728,93555.82,0
3729,93580.78,0
3730,93605.73,0
3731,93630.69,0
3732,93655.65,0
3733,93680.6,0
3734,93705.55,0
3735,93730.52,0
3736,93755.47,0
3737,93780.42,0
3738,93805.38,0
3739,93830.34,0
3740,93855.3,0
3741,93880.25,0
3742,93905.2,0
3743,93930.16,0
3744,93955.12,0
3745,93980.07,0
3746,94005.03,0
3747,94029.98,0
3748,94054.94,0
3749,94079.9,0
3750,94104.85,0
3751,94129.8,0
3752,94154.77,0
3753,94179.72,0
3754,94204.68,0
3755,94229.63,0
3756,94254.59,0
3757,94279.55,0
3758,94304.5,0
3759,94329.45,0
3760,94354.41,0
3761,94379.37,0
3762,94404.32,0
3763,94429.28,0
3764,94454.23,0
3765,94479.19,0
3766,94504.15,0
3767,94529.1,0
3768,94554.06,0
3769,94579.02,0
3770,94603.97,0
3771,94628.93,0
3772,94653.88,0
3773,94678.84,0
3774,94703.8,0
3775,94728.75,0
3776,94753.7,0
3777,94778.66,0
3778,94803.62,0
3779,94828.57,0
3780,94853.53,0
3781,94878.48,0
3782,94903.45,0
3783,94928.4,0
3784,94953.35,0
3785,94978.31,0
3786,95003.27,0
3787,95028.22,0
3788,95053.18,0
3789,95078.13,0
3790,95103.09,0
3791,95128.05,0
3792,95153,0
3793,95177.95,0
3794,95202.91,0
3795,95227.87,0
3796,95252.83,0
3797,95277.78,0
3798,95302.73,0
3799,95327.7,0
3800,95352.65,0
3801,95377.6,0
3802,95402.56,0
3803,95427.52,0
3804,95452.47,0
3805,95477.43,0
3806,95502.38,0
3807,95527.34,0
3808,95552.3,0
3809,95577.25,0
3810,95602.21,0
3811,95627.16,0
3812,95652.12,0
3813,95677.08,0
3814,95702.03,0
3815,95726.98,0
3816,95751.95,0
3817,95776.9,0
3818,95801.85,0
3819,95826.81,0
3820,95851.77,0
3821,95876.72,0
3822,95901.68,0
3823,95926.63,0
3824,95951.59,0
3825,95976.55,0
3826,96001.5,0
3827,96026.46,0
3828,96051.41,0
3829,96076.37,0
3830,96101.33,0
3831,96126.28,0
3832,96151.23,0
3833,96176.2,0
3834,96201.15,0
3835,96226.1,0
3836,96251.06,0
3837,96276.02,0
3838,96300.98,0
3839,96325.93,0
3840,96350.88,0
3841,96375.84,0
3842,96400.8,0
3843,96425.75,0
3844,96450.71,0
3845,96475.66,0
3846,96500.62,0
3847,96525.58,0
3848,96550.53,0
3849,96575.48,0
3850,96600.45,0
3851,96625.4,0
3852,96650.36,0
3853,96675.31,0
3854,96700.27,0
3855,96725.23,0
3856,96750.18,0
3857,96775.13,0
3858,96800.09,0
3859,96825.05,0
3860,96850,0
3861,96874.96,0
3862,96899.91,0
3863,96924.87,0
3864,96949.83,0
3865,96974.78,0
3866,96999.74,0
3867,97024.7,0
3868,97049.65,0
3869,97074.61,0
3870,97099.56,0
3871,97124.52,0
3872,97149.48,0
3873,97174.43,0
3874,97199.38,0
3875,97224.34,0
3876,97249.3,0
3877,97274.25,0
3878,97299.21,0
3879,97324.16,0
3880,97349.13,0
3881,97374.08,0
3882,97399.03,0
3883,97423.99,0
3884,97448.95,0
3885,97473.9,0
3886,97498.86,0
3887,97523.81,0
3888,97548.77,0
3889,97573.73,0
3890,97598.68,0
3891,97623.63,0
3892,97648.59,0
3893,97673.55,0
3894,97698.51,0
3895,97723.46,0
3896,97748.41,0
3897,97773.38,0
3898,97798.33,0
3899,97823.28,0
3900,97848.24,0
3901,97873.2,0
3902,97898.15,0
3903,97923.11,0
3904,97948.06,0
3905,97973.02,0
3906,97997.98,0
3907,98022.93,0
3908,98047.89,0
3909,98072.84,0
3910,98097.8,0
3911,98122.76,0
3912,98147.71,0
3913,98172.66,0
3914,98197.63,0
3915,98222.58,0
3916,98247.53,0
3917,98272.49,0
3918,98297.45,0
3919,98322.4,0
3920,98347.36,0
3921,98372.31,0
3922,98397.27,0
3923,98422.23,0
3924,98447.18,0
3925,98472.14,0
3926,98497.09,0
3927,98522.05,0
3928,98547.01,0
3929,98571.96,0
3930,98596.91,0
3931,98621.88,0
3932,98646.83,0
3933,98671.78,0
3934,98696.74,0
3935,98721.7,0
3936,98746.66,0
3937,98771.61,0
3938,98796.56,0
3939,98821.52,0
3940,98846.48,0
3941,98871.43,0
3942,98896.39,0
3943,98921.34,0
3944,98946.3,0
3945,98971.26,0
3946,98996.21,0
3947,99021.16,0
3948,99046.13,0
3949,99071.08,0
3950,99096.04,0
3951,99120.99,0
3952,99145.95,0
3953,99170.91,0
3954,99195.86,0
3955,99220.81,0
3956,99245.77,0
3957,99270.73,0
3958,99295.68,0
3959,99320.64,0
3960,99345.59,0
3961,99370.55,0
3962,99395.51,0
3963,99420.46,0
3964,99445.42,0
3965,99470.38,0
3966,99495.33,0
3967,99520.29,0
3968,99545.24,0
3969,99570.2,0
3970,99595.16,0
3971,99620.11,0
3972,99645.06,0
3973,99670.02,0
3974,99694.98,0
3975,99719.94,0
3976,99744.89,0
3977,99769.84,0
3978,99794.8,0
3979,99819.76,0
3980,99844.71,0
3981,99869.67,0
3982,99894.63,0
3983,99919.58,0
3984,99944.54,0
3985,99969.49,0
3986,99994.45,0
3987,100019.4,0
3988,100044.4,0
3989,100069.3,0
3990,100094.3,0
3991,100119.2,0
3992,100144.2,0
3993,100169.1,0
3994,100194.1,0
3995,100219.1,0
3996,100244,0
3997,100269,0
3998,100293.9,0
3999,100318.9,0
4000,100343.8,0
4001,100368.8,0
4002,100393.7,0
4003,100418.7,0
4004,100443.7,0
4005,100468.6,0
4006,100493.6,0
4007,100518.5,0
4008,100543.5,0
4009,100568.4,0
4010,100593.4,0
4011,100618.3,0
4012,100643.3,0
4013,100668.3,0
4014,100693.2,0
4015,100718.2,0
4016,100743.1,0
4017,100768.1,0
4018,100793,0
4019,100818,0
4020,100843,0
4021,100867.9,0
4022,100892.9,0
4023,100917.8,0
4024,100942.8,0
4025,100967.7,0
4026,100992.7,0
4027,101017.6,0
4028,101042.6,0
4029,101067.6,0
4030,101092.5,0
4031,101117.5,0
4032,101142.4,0
4033,101167.4,0
4034,101192.3,0
4035,101217.3,0
4036,101242.2,0
4037,101267.2,0
4038,101292.2,0
4039,101317.1,0
4040,101342.1,0
4041,101367,0
4042,101392,0
4043,101416.9,0
4044,101441.9,0
4045,101466.9,0
4046,101491.8,0
4047,101516.8,0
4048,101541.7,0
4049,101566.7,0
4050,101591.6,0
4051,101616.6,0
4052,101641.5,0
4053,101666.5,0
4054,101691.5,0
4055,101716.4,0
4056,101741.4,0
4057,101766.3,0
4058,101791.3,0
4059,101816.2,0
4060,101841.2,0
4061,101866.1,0
4062,101891.1,0
4063,101916.1,0
4064,101941,0
4065,101966,0
4066,101990.9,0
4067,102015.9,0
4068,102040.8,0
4069,102065.8,0
4070,102090.7,0
4071,102115.7,0
4072,102140.7,0
4073,102165.6,0
4074,102190.6,0
4075,102215.5,0
4076,102240.5,0
4077,102265.4,0
4078,102290.4,0
4079,102315.4,0
4080,102340.3,0
4081,102365.3,0
4082,102390.2,0
4083,102415.2,0
4084,102440.1,0
4085,102465.1,0
4086,102490,0
4087,102515,0
4088,102540,0
4089,102564.9,0
4090,102589.9,0
4091,102614.8,0
4092,102639.8,0
4093,102664.7,0
4094,102689.7,0
4095,102714.6,0
